"GEO_ID","NAME","B05003_001E","B05003_001M","B05003_002E","B05003_002M","B05003_003E","B05003_003M","B05003_004E","B05003_004M","B05003_005E","B05003_005M","B05003_006E","B05003_006M","B05003_007E","B05003_007M","B05003_008E","B05003_008M","B05003_009E","B05003_009M","B05003_010E","B05003_010M","B05003_011E","B05003_011M","B05003_012E","B05003_012M","B05003_013E","B05003_013M","B05003_014E","B05003_014M","B05003_015E","B05003_015M","B05003_016E","B05003_016M","B05003_017E","B05003_017M","B05003_018E","B05003_018M","B05003_019E","B05003_019M","B05003_020E","B05003_020M","B05003_021E","B05003_021M","B05003_022E","B05003_022M","B05003_023E","B05003_023M"
"id","Geographic Area Name","Estimate!!Total","Margin of Error!!Total","Estimate!!Total!!Male","Margin of Error!!Total!!Male","Estimate!!Total!!Male!!Under 18 years","Margin of Error!!Total!!Male!!Under 18 years","Estimate!!Total!!Male!!Under 18 years!!Native","Margin of Error!!Total!!Male!!Under 18 years!!Native","Estimate!!Total!!Male!!Under 18 years!!Foreign born","Margin of Error!!Total!!Male!!Under 18 years!!Foreign born","Estimate!!Total!!Male!!Under 18 years!!Foreign born!!Naturalized U.S. citizen","Margin of Error!!Total!!Male!!Under 18 years!!Foreign born!!Naturalized U.S. citizen","Estimate!!Total!!Male!!Under 18 years!!Foreign born!!Not a U.S. citizen","Margin of Error!!Total!!Male!!Under 18 years!!Foreign born!!Not a U.S. citizen","Estimate!!Total!!Male!!18 years and over","Margin of Error!!Total!!Male!!18 years and over","Estimate!!Total!!Male!!18 years and over!!Native","Margin of Error!!Total!!Male!!18 years and over!!Native","Estimate!!Total!!Male!!18 years and over!!Foreign born","Margin of Error!!Total!!Male!!18 years and over!!Foreign born","Estimate!!Total!!Male!!18 years and over!!Foreign born!!Naturalized U.S. citizen","Margin of Error!!Total!!Male!!18 years and over!!Foreign born!!Naturalized U.S. citizen","Estimate!!Total!!Male!!18 years and over!!Foreign born!!Not a U.S. citizen","Margin of Error!!Total!!Male!!18 years and over!!Foreign born!!Not a U.S. citizen","Estimate!!Total!!Female","Margin of Error!!Total!!Female","Estimate!!Total!!Female!!Under 18 years","Margin of Error!!Total!!Female!!Under 18 years","Estimate!!Total!!Female!!Under 18 years!!Native","Margin of Error!!Total!!Female!!Under 18 years!!Native","Estimate!!Total!!Female!!Under 18 years!!Foreign born","Margin of Error!!Total!!Female!!Under 18 years!!Foreign born","Estimate!!Total!!Female!!Under 18 years!!Foreign born!!Naturalized U.S. citizen","Margin of Error!!Total!!Female!!Under 18 years!!Foreign born!!Naturalized U.S. citizen","Estimate!!Total!!Female!!Under 18 years!!Foreign born!!Not a U.S. citizen","Margin of Error!!Total!!Female!!Under 18 years!!Foreign born!!Not a U.S. citizen","Estimate!!Total!!Female!!18 years and over","Margin of Error!!Total!!Female!!18 years and over","Estimate!!Total!!Female!!18 years and over!!Native","Margin of Error!!Total!!Female!!18 years and over!!Native","Estimate!!Total!!Female!!18 years and over!!Foreign born","Margin of Error!!Total!!Female!!18 years and over!!Foreign born","Estimate!!Total!!Female!!18 years and over!!Foreign born!!Naturalized U.S. citizen","Margin of Error!!Total!!Female!!18 years and over!!Foreign born!!Naturalized U.S. citizen","Estimate!!Total!!Female!!18 years and over!!Foreign born!!Not a U.S. citizen","Margin of Error!!Total!!Female!!18 years and over!!Foreign born!!Not a U.S. citizen"
"0500000US37121","Mitchell County, North Carolina","15040","*****","7400","90","1462","57","1439","58","23","28","0","19","23","28","5938","67","5705","88","233","86","59","35","174","76","7640","90","1306","58","1306","58","0","19","0","19","0","19","6334","67","6093","101","241","88","73","55","168","65"
"0500000US37079","Greene County, North Carolina","21008","*****","11593","94","2439","75","2407","80","32","27","0","23","32","27","9154","52","8254","86","900","82","147","58","753","80","9415","94","1949","77","1934","78","15","21","0","23","15","21","7466","47","6813","72","653","85","159","68","494","101"
"0500000US37041","Chowan County, North Carolina","14205","*****","6653","208","1451","205","1400","192","51","84","51","84","0","19","5202","55","5069","119","133","89","82","87","51","45","7552","208","1550","201","1550","201","0","19","0","19","0","19","6002","55","5864","105","138","96","131","95","7","12"
"0500000US37027","Caldwell County, North Carolina","81779","*****","40354","169","8541","143","8473","144","68","72","37","44","31","47","31813","115","30468","194","1345","194","373","138","972","195","41425","169","8329","147","8174","210","155","135","79","101","76","78","33096","86","31834","189","1262","165","424","126","838","151"
"0500000US37035","Catawba County, North Carolina","156729","*****","76703","85","18140","66","17895","116","245","97","47","29","198","91","58563","53","53562","360","5001","355","2125","313","2876","373","80026","85","17217","65","16929","159","288","137","95","51","193","118","62809","52","57390","392","5419","394","2330","364","3089","326"
"0500000US37049","Craven County, North Carolina","103082","*****","52246","175","11527","124","11313","176","214","120","28","41","186","115","40719","140","38820","347","1899","303","743","200","1156","300","50836","175","11241","131","10954","159","287","121","44","53","243","130","39595","104","37340","265","2255","231","1201","216","1054","221"
"0500000US37065","Edgecombe County, North Carolina","53332","*****","24856","120","6352","122","6336","125","16","27","0","29","16","27","18504","35","17883","98","621","106","172","78","449","88","28476","120","5850","122","5823","129","27","33","11","17","16","27","22626","35","22125","75","501","77","118","66","383","73"
"0500000US37085","Harnett County, North Carolina","130361","*****","64574","80","17844","81","17645","122","199","91","84","75","115","65","46730","12","43098","302","3632","299","1230","214","2402","245","65787","80","16921","83","16738","111","183","78","21","28","162","72","48866","12","45046","360","3820","362","1694","269","2126","300"
"0500000US37089","Henderson County, North Carolina","113625","*****","54724","230","11265","218","10974","252","291","173","42","45","249","166","43459","143","39328","357","4131","324","1401","236","2730","318","58901","230","10737","220","10580","258","157","100","72","54","85","80","48164","75","44485","383","3679","381","1816","342","1863","304"
"0500000US37095","Hyde County, North Carolina","5393","*****","2832","146","562","133","562","133","0","17","0","17","0","17","2270","128","2149","128","121","50","41","40","80","70","2561","146","603","120","603","120","0","17","0","17","0","17","1958","115","1840","122","118","60","22","39","96","56"
"0500000US37119","Mecklenburg County, North Carolina","1054314","*****","506721","134","128537","106","121549","630","6988","621","1026","233","5962","595","378184","64","304323","1522","73861","1521","26059","1132","47802","1211","547593","134","125528","106","119184","552","6344","564","1365","271","4979","546","422065","64","350908","1505","71157","1507","28157","985","43000","1208"
"0500000US37131","Northampton County, North Carolina","20186","*****","9845","48","1939","47","1939","47","0","23","0","23","0","23","7906","20","7762","102","144","98","17","15","127","97","10341","48","1688","47","1688","47","0","23","0","23","0","23","8653","20","8472","99","181","97","39","36","142","94"
"0500000US37159","Rowan County, North Carolina","139605","*****","69165","99","16295","60","16182","115","113","97","44","41","69","84","52870","77","49711","260","3159","259","886","202","2273","281","70440","99","15169","61","14899","163","270","152","20","27","250","151","55271","78","52541","317","2730","329","1074","289","1656","342"
"0500000US37181","Vance County, North Carolina","44482","*****","20823","97","5338","60","5169","131","169","116","24","29","145","118","15485","80","14374","184","1111","183","289","157","822","176","23659","97","5263","63","5191","52","72","42","11","19","61","46","18396","74","17555","148","841","165","262","133","579","171"
"0500000US37053","Currituck County, North Carolina","25796","*****","12822","126","2938","117","2938","117","0","23","0","23","0","23","9884","63","9606","156","278","154","108","81","170","132","12974","126","2804","119","2797","117","7","12","0","23","7","12","10170","58","9935","117","235","91","194","83","41","41"
"0500000US37179","Union County, North Carolina","226694","*****","111658","95","32097","69","31294","235","803","241","333","151","470","200","79561","52","69862","492","9699","491","4211","439","5488","433","115036","95","30643","76","30075","164","568","148","247","94","321","119","84393","63","74999","540","9394","537","4575","383","4819","494"
"0500000US37067","Forsyth County, North Carolina","371573","*****","176337","116","44334","114","43137","269","1197","259","215","107","982","230","132003","40","117295","552","14708","551","4869","531","9839","612","195236","116","42461","111","41125","251","1336","254","562","177","774","189","152775","77","137405","568","15370","556","5907","490","9463","527"
"0500000US37127","Nash County, North Carolina","94003","*****","45125","101","10735","68","10594","106","141","78","60","71","81","48","34390","89","32599","191","1791","180","505","149","1286","157","48878","101","10284","67","10077","118","207","99","27","32","180","94","38594","89","36751","236","1843","249","779","166","1064","205"
"0500000US37017","Bladen County, North Carolina","33778","*****","16054","100","3588","93","3562","85","26","37","0","26","26","37","12466","46","11699","102","767","99","119","85","648","122","17724","100","3537","93","3506","101","31","33","2","4","29","34","14187","46","13597","88","590","104","107","85","483","105"
"0500000US37055","Dare County, North Carolina","35741","*****","17614","199","3447","179","3403","185","44","62","0","26","44","62","14167","113","13367","174","800","135","278","107","522","123","18127","199","3462","172","3385","177","77","84","28","39","49","75","14665","121","13873","206","792","171","252","86","540","144"
"0500000US37185","Warren County, North Carolina","20033","*****","9985","105","1903","106","1815","103","88","52","1","3","87","52","8082","25","7782","135","300","132","150","104","150","68","10048","105","1788","107","1759","99","29","39","0","23","29","39","8260","28","8026","96","234","93","139","76","95","52"
"0500000US37195","Wilson County, North Carolina","81336","*****","38362","124","9600","110","9488","101","112","86","0","29","112","86","28762","61","26286","283","2476","270","773","229","1703","232","42974","124","9413","117","9351","139","62","57","0","29","62","57","33561","54","31199","368","2362","367","1032","367","1330","194"
"0500000US37015","Bertie County, North Carolina","19644","*****","9895","79","1792","56","1769","46","23","35","1","6","22","33","8103","65","8030","80","73","39","17","13","56","37","9749","79","1716","70","1716","70","0","19","0","19","0","19","8033","34","7955","37","78","27","22","16","56","35"
"0500000US37073","Gates County, North Carolina","11563","*****","5627","88","1160","84","1160","84","0","19","0","19","0","19","4467","22","4439","38","28","30","22","29","6","6","5936","88","1238","84","1238","84","0","19","0","19","0","19","4698","22","4660","30","38","26","21","21","17","19"
"0500000US37075","Graham County, North Carolina","8557","*****","4210","68","901","64","901","64","0","17","0","17","0","17","3309","79","3258","60","51","57","5","6","46","58","4347","68","854","66","854","66","0","17","0","17","0","17","3493","28","3461","40","32","26","24","22","8","12"
"0500000US37117","Martin County, North Carolina","23054","*****","10805","118","2390","121","2365","119","25","18","0","23","25","18","8415","25","8271","58","144","62","43","38","101","45","12249","118","2385","118","2374","117","11","17","0","23","11","17","9864","29","9601","88","263","84","90","59","173","62"
"0500000US37115","Madison County, North Carolina","21405","*****","10502","113","1983","40","1972","35","11","20","11","20","0","23","8519","118","8322","117","197","80","41","35","156","67","10903","113","1899","77","1896","77","3","5","3","5","0","23","9004","113","8807","135","197","100","132","94","65","47"
"0500000US37137","Pamlico County, North Carolina","12742","*****","6563","57","1072","44","1064","43","8","12","0","19","8","12","5491","33","5317","51","174","46","52","36","122","39","6179","57","899","46","898","46","1","4","1","4","0","19","5280","30","5097","58","183","62","106","45","77","45"
"0500000US37143","Perquimans County, North Carolina","13459","*****","6493","118","1277","96","1277","96","0","19","0","19","0","19","5216","49","5096","81","120","63","70","46","50","41","6966","118","1302","97","1302","97","0","19","0","19","0","19","5664","48","5506","83","158","68","79","48","79","62"
"0500000US37149","Polk County, North Carolina","20458","*****","9682","135","1721","75","1710","75","11","17","11","17","0","23","7961","100","7652","104","309","102","128","69","181","88","10776","135","1707","76","1671","79","36","24","11","17","25","22","9069","96","8685","132","384","88","227","78","157","67"
"0500000US37151","Randolph County, North Carolina","142958","*****","70428","85","16812","84","16525","165","287","148","76","61","211","133","53616","*****","48969","257","4647","257","1160","217","3487","312","72530","85","16185","84","15906","181","279","160","30","29","249","155","56345","*****","52330","265","4015","265","1044","229","2971","310"
"0500000US37157","Rockingham County, North Carolina","91270","*****","43989","141","9516","88","9391","135","125","110","0","29","125","110","34473","115","33073","270","1400","251","545","178","855","261","47281","141","9305","79","9157","103","148","114","20","34","128","109","37976","111","36233","208","1743","182","808","214","935","199"
"0500000US37169","Stokes County, North Carolina","45905","*****","22483","167","4461","88","4461","88","0","26","0","26","0","26","18022","137","17681","167","341","104","103","88","238","105","23422","167","4459","99","4449","100","10","17","0","26","10","17","18963","135","18608","148","355","175","116","51","239","164"
"0500000US37187","Washington County, North Carolina","12156","*****","5726","140","1308","124","1304","124","4","7","1","2","3","6","4418","82","4228","22","190","82","12","21","178","81","6430","140","1171","124","1171","124","0","19","0","19","0","19","5259","82","5146","102","113","90","24","32","89","87"
"0500000US37029","Camden County, North Carolina","10447","*****","5263","106","1309","93","1309","93","0","19","0","19","0","19","3954","65","3855","72","99","61","87","59","12","15","5184","106","1182","102","1182","102","0","19","0","19","0","19","4002","43","3799","69","203","66","128","55","75","58"
"0500000US37043","Clay County, North Carolina","10813","*****","5125","122","928","134","928","134","0","19","0","19","0","19","4197","94","4053","109","144","84","46","39","98","73","5688","122","961","95","959","95","2","4","2","4","0","19","4727","83","4529","105","198","98","76","57","122","84"
"0500000US37051","Cumberland County, North Carolina","332106","*****","165152","42","41833","34","41444","136","389","133","93","61","296","119","123319","26","115029","567","8290","575","4892","458","3398","404","166954","42","40687","35","39905","209","782","205","159","110","623","178","126267","28","114487","662","11780","659","6861","436","4919","475"
"0500000US37071","Gaston County, North Carolina","216585","*****","104371","67","25112","67","24545","233","567","215","168","104","399","195","79259","*****","73769","316","5490","317","2285","274","3205","367","112214","67","24357","68","23867","141","490","148","165","95","325","133","87857","*****","82405","303","5452","302","2431","295","3021","321"
"0500000US37081","Guilford County, North Carolina","523582","*****","248019","90","59782","71","57405","371","2377","377","670","194","1707","304","188237","55","162755","1018","25482","1020","9989","642","15493","981","275563","90","58048","70","55443","331","2605","326","915","198","1690","316","217515","37","194035","897","23480","895","10385","590","13095","706"
"0500000US37099","Jackson County, North Carolina","42256","*****","20838","181","3872","177","3841","181","31","31","0","26","31","31","16966","102","16242","133","724","150","122","81","602","147","21418","181","3291","167","3268","168","23","40","0","26","23","40","18127","83","17638","154","489","139","208","92","281","110"
"0500000US37125","Moore County, North Carolina","95629","*****","46002","103","10386","90","10177","162","209","122","46","49","163","124","35616","69","33764","218","1852","220","691","175","1161","222","49627","103","9976","89","9826","118","150","98","40","36","110","85","39651","69","37581","259","2070","258","1065","210","1005","211"
"0500000US37155","Robeson County, North Carolina","133442","*****","64365","40","17267","33","17073","98","194","92","19","23","175","84","47098","29","44105","171","2993","174","691","162","2302","181","69077","40","16636","33","16496","84","140","77","40","36","100","63","52441","29","50128","209","2313","209","585","105","1728","189"
"0500000US37167","Stanly County, North Carolina","61114","*****","30445","174","6853","166","6807","173","46","45","27","39","19","23","23592","43","22675","112","917","112","316","91","601","100","30669","174","6424","167","6385","164","39","34","6","14","33","33","24245","44","23398","123","847","119","360","113","487","110"
"0500000US37183","Wake County, North Carolina","1046558","*****","508866","131","129852","70","124096","694","5756","682","1149","243","4607","647","379014","103","314807","1556","64207","1556","26934","1161","37273","1434","537692","131","126002","70","120672","632","5330","639","1605","334","3725","542","411690","103","348526","1388","63164","1372","29582","1083","33582","1324"
"0500000US37199","Yancey County, North Carolina","17667","*****","8648","80","1711","70","1697","70","14","22","0","19","14","22","6937","58","6644","73","293","61","104","68","189","59","9019","80","1585","73","1543","84","42","65","0","19","42","65","7434","58","7233","100","201","68","39","23","162","59"
"0500000US37037","Chatham County, North Carolina","69791","*****","33477","149","7188","118","7075","135","113","57","25","29","88","48","26289","80","23402","251","2887","231","1116","219","1771","233","36314","149","7162","127","7035","134","127","75","47","63","80","56","29152","82","26230","253","2922","244","1123","200","1799","242"
"0500000US37111","McDowell County, North Carolina","45109","*****","22833","195","5217","142","5168","143","49","69","9","15","40","68","17616","125","16833","165","783","146","193","103","590","118","22276","195","4059","140","4005","153","54","67","9","15","45","65","18217","132","17351","172","866","171","327","125","539","130"
"0500000US37101","Johnston County, North Carolina","191172","*****","93865","146","25537","136","25160","209","377","171","60","92","317","135","68328","77","61129","509","7199","496","1905","315","5294","491","97307","146","24169","136","23660","236","509","228","143","115","366","212","73138","77","66543","609","6595","612","1678","311","4917","614"
"0500000US37103","Jones County, North Carolina","9695","*****","4828","67","1051","65","1051","65","0","17","0","17","0","17","3777","39","3633","45","144","62","8","12","136","61","4867","67","792","67","761","65","31","18","0","17","31","18","4075","8","3970","47","105","48","15","14","90","45"
"0500000US37145","Person County, North Carolina","39305","*****","18989","147","4176","105","4156","109","20","30","20","30","0","26","14813","86","14218","126","595","143","147","81","448","127","20316","147","4189","108","4126","111","63","77","0","26","63","77","16127","83","15636","176","491","174","123","75","368","140"
"0500000US37019","Brunswick County, North Carolina","126860","*****","61281","217","10812","197","10746","205","66","60","6","13","60","58","50469","77","47910","298","2559","312","1236","318","1323","286","65579","217","9809","195","9771","184","38","43","24","32","14","24","55770","76","53371","277","2399","263","1245","258","1154","216"
"0500000US37009","Ashe County, North Carolina","26786","*****","13168","114","2531","86","2453","112","78","72","49","68","29","43","10637","67","10151","117","486","101","90","55","396","88","13618","114","2362","89","2349","93","13","22","13","22","0","23","11256","73","10885","111","371","102","149","74","222","74"
"0500000US37013","Beaufort County, North Carolina","47243","*****","22709","135","5149","128","5077","164","72","118","1","3","71","118","17560","56","16980","137","580","135","237","111","343","103","24534","135","4610","124","4608","124","2","3","0","26","2","3","19924","68","19175","163","749","157","223","84","526","135"
"0500000US37107","Lenoir County, North Carolina","57227","*****","27391","200","6654","156","6635","156","19","18","0","29","19","18","20737","137","19370","197","1367","143","231","140","1136","207","29836","200","6263","155","6263","155","0","29","0","29","0","29","23573","124","22486","149","1087","181","430","172","657","137"
"0500000US37161","Rutherford County, North Carolina","66532","*****","32258","273","7223","270","7161","278","62","67","43","54","19","32","25035","100","24322","213","713","183","320","125","393","180","34274","273","6754","277","6633","294","121","105","29","47","92","94","27520","64","26785","207","735","199","479","158","256","129"
"0500000US37109","Lincoln County, North Carolina","81441","*****","40372","156","9052","118","8866","141","186","110","67","62","119","89","31320","103","29438","179","1882","180","867","191","1015","205","41069","156","8510","122","8437","143","73","57","28","34","45","57","32559","93","30769","192","1790","200","818","220","972","158"
"0500000US37133","Onslow County, North Carolina","193912","*****","107681","238","24138","145","23939","215","199","149","48","65","151","108","83543","168","80150","516","3393","467","2478","437","915","277","86231","238","23217","125","23073","174","144","111","17","27","127","108","63014","190","59066","554","3948","572","2495","422","1453","414"
"0500000US37135","Orange County, North Carolina","142938","*****","68187","67","14738","47","13735","291","1003","281","403","237","600","182","53449","41","44816","372","8633","374","3498","364","5135","420","74751","67","13788","47","12907","233","881","229","405","165","476","149","60963","42","52496","441","8467","443","3808","398","4659","443"
"0500000US37163","Sampson County, North Carolina","63561","*****","31231","37","7983","36","7725","134","258","136","28","40","230","130","23248","11","19807","209","3441","211","786","195","2655","256","32330","37","7677","36","7561","91","116","84","28","40","88","86","24653","11","22237","227","2416","226","390","125","2026","222"
"0500000US37197","Yadkin County, North Carolina","37665","*****","18666","150","4258","126","4173","153","85","90","33","53","52","70","14408","62","13384","148","1024","167","279","134","745","165","18999","150","3803","128","3754","138","49","62","0","26","49","62","15196","58","14471","98","725","87","178","74","547","89"
"0500000US37011","Avery County, North Carolina","17501","*****","9488","63","1325","60","1322","61","3","6","3","6","0","19","8163","20","7833","116","330","114","104","56","226","97","8013","63","1382","60","1359","64","23","27","23","27","0","19","6631","20","6412","88","219","95","53","46","166","82"
"0500000US37023","Burke County, North Carolina","89712","*****","44798","198","9108","190","8976","177","132","81","10","16","122","76","35690","61","33774","235","1916","233","822","149","1094","238","44914","198","8294","190","8108","218","186","114","93","85","93","67","36620","61","34906","188","1714","179","825","163","889","154"
"0500000US37033","Caswell County, North Carolina","22746","*****","11393","77","2111","67","2111","67","0","23","0","23","0","23","9282","36","8980","84","302","89","68","47","234","87","11353","77","2200","69","2169","69","31","53","0","23","31","53","9153","37","8919","58","234","68","105","50","129","52"
"0500000US37059","Davie County, North Carolina","41991","*****","20374","146","4609","128","4570","123","39","37","22","36","17","27","15765","89","14983","150","782","146","156","77","626","131","21617","146","4429","145","4181","141","248","124","165","106","83","77","17188","75","16289","145","899","163","373","178","526","163"
"0500000US37061","Duplin County, North Carolina","59062","*****","28780","115","7439","110","7138","186","301","156","19","31","282","154","21341","86","17800","245","3541","228","538","191","3003","274","30282","115","6949","86","6615","186","334","179","104","107","230","126","23333","99","20525","287","2808","279","400","179","2408","323"
"0500000US37063","Durham County, North Carolina","306457","*****","146535","118","33358","113","32031","321","1327","306","166","81","1161","288","113177","40","92417","723","20760","723","6026","589","14734","759","159922","118","32279","114","30780","336","1499","356","234","130","1265","309","127643","24","108936","766","18707","762","6399","571","12308","582"
"0500000US37105","Lee County, North Carolina","60125","*****","29225","159","7481","113","7268","145","213","113","71","63","142","105","21744","91","18484","210","3260","214","1209","276","2051","268","30900","159","7389","118","7224","201","165","155","45","52","120","144","23511","78","20933","297","2578","302","960","211","1618","301"
"0500000US37129","New Hanover County, North Carolina","224231","*****","107274","177","21738","170","21188","220","550","206","231","173","319","135","85536","124","80674","467","4862","481","2381","401","2481","340","116957","177","20655","151","20257","202","398","146","160","102","238","131","96302","82","90738","486","5564","476","3042","434","2522","307"
"0500000US37191","Wayne County, North Carolina","124002","*****","60640","91","15147","81","14755","168","392","150","161","114","231","128","45493","32","41305","426","4188","420","1140","273","3048","363","63362","91","14462","80","14080","151","382","136","57","54","325","135","48900","32","44255","337","4645","338","1149","238","3496","301"
"0500000US37165","Scotland County, North Carolina","35262","*****","17398","83","4133","70","4133","70","0","26","0","26","0","26","13265","58","12814","106","451","93","183","70","268","75","17864","83","3977","64","3945","73","32","38","0","26","32","38","13887","50","13564","74","323","89","139","51","184","76"
"0500000US37083","Halifax County, North Carolina","51737","*****","24959","148","5814","146","5674","144","140","90","0","29","140","90","19145","26","18745","122","400","128","198","76","202","129","26778","148","5361","147","5300","129","61","67","0","29","61","67","21417","28","20997","109","420","111","223","104","197","80"
"0500000US37001","Alamance County, North Carolina","160576","*****","76259","43","18574","42","18371","106","203","98","56","69","147","69","57685","17","51710","357","5975","357","1670","382","4305","313","84317","43","17629","42","17262","168","367","166","85","71","282","162","66688","10","60578","406","6110","407","2015","339","4095","389"
"0500000US37087","Haywood County, North Carolina","60433","*****","29220","79","5735","79","5692","112","43","66","0","29","43","66","23485","89","22665","140","820","138","368","129","452","151","31213","79","5334","70","5318","74","16","20","7","14","9","14","25879","44","25219","132","660","148","324","118","336","103"
"0500000US37005","Alleghany County, North Carolina","10973","*****","5386","96","916","93","916","93","0","19","0","19","0","19","4470","39","4113","64","357","55","52","32","305","68","5587","96","1027","94","1022","96","5","8","0","19","5","8","4560","40","4388","80","172","73","85","35","87","54"
"0500000US37045","Cleveland County, North Carolina","97159","*****","46856","202","10984","164","10920","164","64","49","20","32","44","43","35872","122","34697","223","1175","187","514","177","661","150","50303","202","10468","177","10313","151","155","118","6","12","149","117","39835","76","38901","205","934","185","356","120","578","180"
"0500000US37077","Granville County, North Carolina","58874","*****","30046","120","6407","77","6334","102","73","59","34","51","39","34","23639","84","22323","227","1316","213","518","149","798","204","28828","120","5865","78","5827","76","38","35","10","13","28","34","22963","84","21737","199","1226","189","629","174","597","137"
"0500000US37093","Hoke County, North Carolina","53239","*****","26320","106","7590","85","7475","73","115","64","51","50","64","48","18730","42","17542","209","1188","207","368","127","820","194","26919","106","7260","85","7090","147","170","114","108","95","62","54","19659","42","17996","220","1663","224","569","157","1094","196"
"0500000US37097","Iredell County, North Carolina","172525","*****","84936","38","20631","37","20348","123","283","116","89","46","194","108","64305","*****","58886","403","5419","404","1724","270","3695","440","87589","38","19809","37","19480","118","329","115","85","45","244","108","67780","*****","62895","350","4885","350","1987","243","2898","358"
"0500000US37147","Pitt County, North Carolina","177372","*****","83620","154","19883","143","19583","172","300","153","57","57","243","142","63737","50","59866","385","3871","381","1268","245","2603","353","93752","154","18602","144","18308","292","294","260","161","191","133","165","75150","51","71348","402","3802","396","1423","268","2379","354"
"0500000US37039","Cherokee County, North Carolina","27668","*****","13583","128","2497","78","2497","78","0","23","0","23","0","23","11086","89","10651","129","435","128","239","99","196","88","14085","128","2274","75","2274","75","0","23","0","23","0","23","11811","90","11528","123","283","83","177","77","106","61"
"0500000US37193","Wilkes County, North Carolina","68460","*****","33719","158","7247","131","7180","133","67","58","6","11","61","59","26472","108","24923","218","1549","239","397","145","1152","251","34741","158","7008","146","6901","171","107","90","0","29","107","90","27733","109","26660","161","1073","173","340","151","733","140"
"0500000US37003","Alexander County, North Carolina","37119","*****","18942","194","3813","139","3813","139","0","26","0","26","0","26","15129","115","14539","136","590","81","146","71","444","79","18177","194","3805","141","3673","214","132","123","0","26","132","123","14372","112","13784","190","588","161","160","62","428","165"
"0500000US37031","Carteret County, North Carolina","68920","*****","33839","67","6481","47","6454","45","27","20","5","8","22","20","27358","44","26355","193","1003","194","478","149","525","128","35081","67","5933","48","5849","55","84","34","38","32","46","28","29148","44","27973","205","1175","204","581","125","594","145"
"0500000US37139","Pasquotank County, North Carolina","39479","*****","19146","185","4302","128","4291","120","11","19","0","26","11","19","14844","108","14232","131","612","182","273","126","339","121","20333","185","4473","166","4288","79","185","123","185","123","0","26","15860","50","15119","194","741","190","423","150","318","162"
"0500000US37173","Swain County, North Carolina","14254","*****","6799","132","1528","117","1456","116","72","80","23","31","49","74","5271","94","5094","49","177","86","14","22","163","83","7455","132","1668","118","1646","122","22","34","22","34","0","19","5787","93","5673","91","114","85","87","60","27","31"
"0500000US37007","Anson County, North Carolina","25306","*****","13285","125","2452","87","2415","66","37","56","0","23","37","56","10833","143","10308","119","525","198","195","145","330","157","12021","125","2484","117","2469","117","15","26","15","26","0","23","9537","147","9361","96","176","86","71","31","105","77"
"0500000US37069","Franklin County, North Carolina","64902","*****","32281","113","7528","82","7409","107","119","69","24","32","95","62","24753","86","22747","330","2006","311","676","196","1330","244","32621","113","7046","92","6900","97","146","90","67","63","79","61","25575","65","24259","220","1316","225","430","169","886","152"
"0500000US37113","Macon County, North Carolina","34410","*****","16630","124","3354","126","3298","94","56","96","0","26","56","96","13276","119","12400","128","876","110","210","78","666","108","17780","124","3034","116","2940","90","94","101","25","43","69","84","14746","108","14001","142","745","114","295","81","450","90"
"0500000US37175","Transylvania County, North Carolina","33513","*****","16045","144","2764","114","2764","114","0","26","0","26","0","26","13281","128","12648","184","633","157","156","90","477","127","17468","144","2609","107","2589","104","20","26","12","22","8","14","14859","123","14253","182","606","167","316","110","290","113"
"0500000US37047","Columbus County, North Carolina","56293","*****","27981","143","6228","105","6203","105","25","30","0","29","25","30","21753","103","20863","188","890","196","343","102","547","195","28312","143","5951","101","5892","104","59","52","0","29","59","52","22361","123","21495","169","866","183","309","160","557","170"
"0500000US37123","Montgomery County, North Carolina","27338","*****","13546","122","3340","107","3256","134","84","76","0","23","84","76","10206","84","9025","135","1181","146","280","138","901","134","13792","122","2885","104","2829","122","56","61","30","44","26","41","10907","78","9829","102","1078","122","306","112","772","152"
"0500000US37153","Richmond County, North Carolina","45189","*****","22124","179","5373","163","5317","169","56","50","1","2","55","50","16751","128","15830","135","921","98","226","92","695","108","23065","179","5085","157","5084","158","1","2","1","2","0","26","17980","82","17152","127","828","129","378","142","450","111"
"0500000US37171","Surry County, North Carolina","72099","*****","34858","93","7691","81","7536","142","155","115","8","12","147","115","27167","46","25412","169","1755","165","533","140","1222","174","37241","93","7912","81","7625","140","287","123","70","51","217","110","29329","46","27707","173","1622","171","699","147","923","156"
"0500000US37021","Buncombe County, North Carolina","254474","*****","122297","136","25002","145","24575","262","427","213","172","127","255","181","97295","40","90860","541","6435","539","2439","345","3996","500","132177","136","23311","107","22684","222","627","204","333","155","294","167","108866","110","101801","537","7065","522","3518","394","3547","479"
"0500000US37025","Cabarrus County, North Carolina","201448","*****","98094","88","26861","71","26128","256","733","247","239","141","494","176","71233","70","63958","537","7275","519","2429","424","4846","456","103354","88","25525","71","25139","151","386","129","87","50","299","123","77829","71","70191","628","7638","598","3433","415","4205","414"
"0500000US37057","Davidson County, North Carolina","164664","*****","80508","144","18783","114","18312","173","471","152","120","86","351","146","61725","107","58008","302","3717","340","1185","287","2532","400","84156","144","18047","114","17777","182","270","142","11","20","259","141","66109","108","62253","281","3856","319","1384","260","2472","272"
"0500000US37091","Hertford County, North Carolina","24153","*****","11947","83","2378","84","2339","74","39","33","36","32","3","5","9569","25","9070","116","499","122","100","52","399","124","12206","83","2254","79","2254","79","0","23","0","23","0","23","9952","22","9692","64","260","59","127","48","133","59"
"0500000US37141","Pender County, North Carolina","59020","*****","29239","229","6620","190","6566","193","54","52","29","37","25","38","22619","135","21449","207","1170","165","185","88","985","158","29781","229","6605","204","6588","201","17","20","10","16","7","12","23176","101","22032","202","1144","208","535","171","609","175"
"0500000US37189","Watauga County, North Carolina","54117","*****","27145","155","3709","108","3685","115","24","39","0","29","24","39","23436","137","22477","256","959","246","470","211","489","105","26972","155","3357","118","3332","111","25","27","0","29","25","27","23615","107","22969","189","646","174","289","98","357","160"
"0500000US37177","Tyrrell County, North Carolina","4119","*****","2365","109","272","74","272","74","0","12","0","12","0","12","2093","128","2052","130","41","31","6","11","35","25","1754","109","258","83","258","83","0","12","0","12","0","12","1496","109","1435","122","61","37","14","23","47","30"
"0400000US37","North Carolina","10155624","*****","4944759","1509","1170545","1074","1140426","1548","30119","1321","6709","596","23410","1340","3774214","915","3399091","3480","375123","3370","136670","2723","238453","3473","5210865","1509","1122071","1032","1092378","1572","29693","1434","8573","760","21120","1248","4088794","831","3724113","3722","364681","3848","153307","3019","211374","3571"
